/*
SQLyog Enterprise - MySQL GUI v8.12 
MySQL - 5.5.5-10.4.21-MariaDB : Database - attedence_system
*********************************************************************
*/

/*!40101 SET NAMES utf8 */;

/*!40101 SET SQL_MODE=''*/;

/*!40014 SET @OLD_FOREIGN_KEY_CHECKS=@@FOREIGN_KEY_CHECKS, FOREIGN_KEY_CHECKS=0 */;
/*!40101 SET @OLD_SQL_MODE=@@SQL_MODE, SQL_MODE='NO_AUTO_VALUE_ON_ZERO' */;

CREATE DATABASE /*!32312 IF NOT EXISTS*/`attedence_system` /*!40100 DEFAULT CHARACTER SET utf8mb4 */;

USE `attedence_system`;

/*Table structure for table `add_student` */

DROP TABLE IF EXISTS `add_student`;

CREATE TABLE `add_student` (
  `id` int(255) unsigned NOT NULL AUTO_INCREMENT,
  `Name` varchar(15) NOT NULL,
  `Age` int(2) DEFAULT NULL,
  `Email` varchar(30) DEFAULT NULL,
  `Phonenumber` varchar(10) NOT NULL,
  `ParentPhonenum` varchar(10) DEFAULT NULL,
  `Address` varchar(30) NOT NULL,
  `Semister` varchar(10) NOT NULL,
  PRIMARY KEY (`id`)
) ENGINE=InnoDB AUTO_INCREMENT=19 DEFAULT CHARSET=utf8mb4;

/*Data for the table `add_student` */

insert  into `add_student`(`id`,`Name`,`Age`,`Email`,`Phonenumber`,`ParentPhonenum`,`Address`,`Semister`) values (1,'ka     ',20,'kiran@gmail.com','7338357926','8757575875','kae     ','2 Semester'),(2,'karthik    ',20,'kiranl@gmail.com',' 733835792',' 733835792',' kannada    ','2 Semester'),(3,'kiraV    ',34,'kiranl@gmail.com',' 733835792',' 733835792',' kannada    ','4 Semester'),(6,'kisha    ',20,'kiran@gmail.com','9535063437','7338357926','karkala     ','5 Semester'),(8,'kanaka   ',40,'kiran@gmail.com','7338357926','7338357926','karkala   ','6 Semester'),(9,'harsha  ',18,'karthik@gmail.com','7338357926','7338357926','karkala,kervashe  ','3 Semester'),(10,'Harshith  ',20,'kiran@gmail.com','9535063437','7338357926','karkala,kervashe  ','1 Semester'),(11,'preran',20,'kiran@gmail.com','7338357926','7338357926','karkala','2 Semester'),(12,'keerthan',18,'ajsfnjas@gmAIL.com','7338357926','7338357926','karkala','2 Semester'),(13,'pritham',26,'karthik@gmail.com','7338357926','8757575875','karkala','2 Semester'),(14,'chirag',18,'kiran@gmail.com','7338357926','8757575875','karkala','2 Semester'),(15,'sushnth',20,'ajsfnjas@gmAIL.com','7338357926','8757575875','karkala','2 Semester'),(16,'karthik kumar',18,'kiran@gmail.com','7338357926','8757575875','karkala,kervashe','2 Semester'),(17,'soorya',20,'ajsfnjas@gmAIL.com','7338357926','8757575875','karkala','2 Semester'),(18,'Tilak',20,'ajsfnjas@gmAIL.com','7338357926','7338357926','karkala,kervashe','5 Semester');

/*Table structure for table `attedence` */

DROP TABLE IF EXISTS `attedence`;

CREATE TABLE `attedence` (
  `Id` int(255) unsigned NOT NULL AUTO_INCREMENT,
  `subid` int(255) NOT NULL,
  `studid` int(255) NOT NULL,
  `Date` timestamp NULL DEFAULT current_timestamp(),
  `ispresent` int(10) NOT NULL,
  `totalpresent` int(10) DEFAULT 0,
  PRIMARY KEY (`Id`)
) ENGINE=InnoDB AUTO_INCREMENT=6122 DEFAULT CHARSET=utf8mb4;

/*Data for the table `attedence` */

insert  into `attedence`(`Id`,`subid`,`studid`,`Date`,`ispresent`,`totalpresent`) values (5422,2,1,'2022-11-09 20:43:31',0,10),(5423,2,2,'2022-11-09 20:43:31',0,10),(5424,2,11,'2022-11-09 20:43:31',0,10),(5425,2,12,'2022-11-09 20:43:31',0,10),(5426,2,13,'2022-11-09 20:43:31',0,10),(5427,2,14,'2022-11-09 20:43:31',0,10),(5428,2,15,'2022-11-09 20:43:31',0,10),(5429,2,16,'2022-11-09 20:43:31',0,10),(5430,2,17,'2022-11-09 20:43:31',0,5),(5431,2,1,'2022-11-09 20:44:27',0,10),(5432,2,2,'2022-11-09 20:44:27',0,10),(5433,2,11,'2022-11-09 20:44:27',0,10),(5434,2,12,'2022-11-09 20:44:27',0,10),(5435,2,13,'2022-11-09 20:44:27',0,10),(5436,2,14,'2022-11-09 20:44:27',0,10),(5437,2,15,'2022-11-09 20:44:27',0,10),(5438,2,16,'2022-11-09 20:44:27',0,10),(5439,2,17,'2022-11-09 20:44:27',0,5),(5440,2,1,'2022-11-09 20:45:16',1,10),(5441,2,2,'2022-11-09 20:45:16',1,10),(5442,2,11,'2022-11-09 20:45:16',1,10),(5443,2,12,'2022-11-09 20:45:16',1,10),(5444,2,13,'2022-11-09 20:45:16',1,10),(5445,2,14,'2022-11-09 20:45:16',1,10),(5446,2,15,'2022-11-09 20:45:16',1,10),(5447,2,16,'2022-11-09 20:45:16',1,10),(5448,2,17,'2022-11-09 20:45:16',1,5),(5449,2,1,'2022-11-09 20:46:03',1,10),(5450,2,2,'2022-11-09 20:46:03',1,10),(5451,2,11,'2022-11-09 20:46:03',1,10),(5452,2,12,'2022-11-09 20:46:03',1,10),(5453,2,13,'2022-11-09 20:46:03',1,10),(5454,2,14,'2022-11-09 20:46:03',1,10),(5455,2,15,'2022-11-09 20:46:03',1,10),(5456,2,16,'2022-11-09 20:46:03',1,10),(5457,2,17,'2022-11-09 20:46:03',0,5),(5458,2,1,'2022-11-09 20:49:26',1,10),(5459,2,2,'2022-11-09 20:49:26',1,10),(5460,2,11,'2022-11-09 20:49:26',1,10),(5461,2,12,'2022-11-09 20:49:26',1,10),(5462,2,13,'2022-11-09 20:49:26',1,10),(5463,2,14,'2022-11-09 20:49:26',1,10),(5464,2,15,'2022-11-09 20:49:26',1,10),(5465,2,16,'2022-11-09 20:49:26',1,10),(5466,2,17,'2022-11-09 20:49:26',1,5),(5467,3,9,'2022-11-09 20:49:45',0,0),(5468,2,1,'2022-11-09 20:50:13',1,10),(5469,2,2,'2022-11-09 20:50:13',1,10),(5470,2,11,'2022-11-09 20:50:13',1,10),(5471,2,12,'2022-11-09 20:50:13',1,10),(5472,2,13,'2022-11-09 20:50:13',1,10),(5473,2,14,'2022-11-09 20:50:13',1,10),(5474,2,15,'2022-11-09 20:50:13',1,10),(5475,2,16,'2022-11-09 20:50:13',1,10),(5476,2,17,'2022-11-09 20:50:13',0,5),(5477,2,1,'2022-11-09 20:51:59',0,10),(5478,2,2,'2022-11-09 20:51:59',0,10),(5479,2,11,'2022-11-09 20:51:59',0,10),(5480,2,12,'2022-11-09 20:51:59',0,10),(5481,2,13,'2022-11-09 20:51:59',0,10),(5482,2,14,'2022-11-09 20:51:59',0,10),(5483,2,15,'2022-11-09 20:51:59',0,10),(5484,2,16,'2022-11-09 20:51:59',0,10),(5485,2,17,'2022-11-09 20:51:59',0,5),(5486,2,1,'2022-11-09 20:53:08',0,10),(5487,2,2,'2022-11-09 20:53:08',0,10),(5488,2,11,'2022-11-09 20:53:08',0,10),(5489,2,12,'2022-11-09 20:53:08',0,10),(5490,2,13,'2022-11-09 20:53:08',0,10),(5491,2,14,'2022-11-09 20:53:08',0,10),(5492,2,15,'2022-11-09 20:53:08',0,10),(5493,2,16,'2022-11-09 20:53:08',0,10),(5494,2,17,'2022-11-09 20:53:08',0,5),(5495,2,1,'2022-11-09 20:53:49',1,10),(5496,2,2,'2022-11-09 20:53:49',1,10),(5497,2,11,'2022-11-09 20:53:49',1,10),(5498,2,12,'2022-11-09 20:53:49',1,10),(5499,2,13,'2022-11-09 20:53:49',1,10),(5500,2,14,'2022-11-09 20:53:49',1,10),(5501,2,15,'2022-11-09 20:53:49',1,10),(5502,2,16,'2022-11-09 20:53:49',1,10),(5503,2,17,'2022-11-09 20:53:49',1,5),(5504,2,1,'2022-11-09 20:54:08',1,10),(5505,2,2,'2022-11-09 20:54:08',1,10),(5506,2,11,'2022-11-09 20:54:08',1,10),(5507,2,12,'2022-11-09 20:54:08',1,10),(5508,2,13,'2022-11-09 20:54:08',1,10),(5509,2,14,'2022-11-09 20:54:08',1,10),(5510,2,15,'2022-11-09 20:54:08',1,10),(5511,2,16,'2022-11-09 20:54:08',1,10),(5512,2,17,'2022-11-09 20:54:08',1,5),(5513,2,1,'2022-11-09 20:54:54',0,10),(5514,2,2,'2022-11-09 20:54:54',0,10),(5515,2,11,'2022-11-09 20:54:54',0,10),(5516,2,12,'2022-11-09 20:54:54',0,10),(5517,2,13,'2022-11-09 20:54:54',0,10),(5518,2,14,'2022-11-09 20:54:54',0,10),(5519,2,15,'2022-11-09 20:54:54',0,10),(5520,2,16,'2022-11-09 20:54:54',0,10),(5521,2,17,'2022-11-09 20:54:54',0,5),(5522,3,9,'2022-11-09 20:55:23',0,0),(5523,3,9,'2022-11-09 20:56:27',0,0),(5524,2,1,'2022-11-09 20:56:48',0,10),(5525,2,2,'2022-11-09 20:56:48',0,10),(5526,2,11,'2022-11-09 20:56:48',0,10),(5527,2,12,'2022-11-09 20:56:48',0,10),(5528,2,13,'2022-11-09 20:56:48',0,10),(5529,2,14,'2022-11-09 20:56:48',0,10),(5530,2,15,'2022-11-09 20:56:48',0,10),(5531,2,16,'2022-11-09 20:56:48',0,10),(5532,2,17,'2022-11-09 20:56:48',0,5),(5533,2,1,'2022-11-09 20:58:39',1,10),(5534,2,2,'2022-11-09 20:58:39',1,10),(5535,2,11,'2022-11-09 20:58:39',1,10),(5536,2,12,'2022-11-09 20:58:39',1,10),(5537,2,13,'2022-11-09 20:58:39',1,10),(5538,2,14,'2022-11-09 20:58:39',1,10),(5539,2,15,'2022-11-09 20:58:39',1,10),(5540,2,16,'2022-11-09 20:58:39',1,10),(5541,2,17,'2022-11-09 20:58:39',0,5),(5542,2,1,'2022-11-09 21:16:42',1,10),(5543,2,2,'2022-11-09 21:16:42',1,10),(5544,2,11,'2022-11-09 21:16:42',1,10),(5545,2,12,'2022-11-09 21:16:42',1,10),(5546,2,13,'2022-11-09 21:16:42',1,10),(5547,2,14,'2022-11-09 21:16:42',1,10),(5548,2,15,'2022-11-09 21:16:42',1,10),(5549,2,16,'2022-11-09 21:16:42',1,10),(5550,2,17,'2022-11-09 21:16:42',0,5),(5551,2,1,'2022-11-09 21:17:10',1,10),(5552,2,2,'2022-11-09 21:17:10',1,10),(5553,2,11,'2022-11-09 21:17:10',1,10),(5554,2,12,'2022-11-09 21:17:10',1,10),(5555,2,13,'2022-11-09 21:17:10',1,10),(5556,2,14,'2022-11-09 21:17:10',1,10),(5557,2,15,'2022-11-09 21:17:10',1,10),(5558,2,16,'2022-11-09 21:17:10',1,10),(5559,2,17,'2022-11-09 21:17:10',0,5),(5560,2,1,'2022-11-09 21:17:38',1,10),(5561,2,2,'2022-11-09 21:17:38',1,10),(5562,2,11,'2022-11-09 21:17:38',1,10),(5563,2,12,'2022-11-09 21:17:38',1,10),(5564,2,13,'2022-11-09 21:17:38',1,10),(5565,2,14,'2022-11-09 21:17:38',1,10),(5566,2,15,'2022-11-09 21:17:38',1,10),(5567,2,16,'2022-11-09 21:17:38',1,10),(5568,2,17,'2022-11-09 21:17:38',1,5),(5569,2,1,'2022-11-09 21:22:55',0,10),(5570,2,2,'2022-11-09 21:22:55',0,10),(5571,2,11,'2022-11-09 21:22:55',0,10),(5572,2,12,'2022-11-09 21:22:55',0,10),(5573,2,13,'2022-11-09 21:22:55',0,10),(5574,2,14,'2022-11-09 21:22:55',0,10),(5575,2,15,'2022-11-09 21:22:55',0,10),(5576,2,16,'2022-11-09 21:22:55',0,10),(5577,2,17,'2022-11-09 21:22:55',0,5),(5578,2,1,'2022-11-09 21:23:29',0,0),(5579,2,2,'2022-11-09 21:23:29',0,0),(5580,2,11,'2022-11-09 21:23:29',0,0),(5581,2,12,'2022-11-09 21:23:29',0,0),(5582,2,13,'2022-11-09 21:23:29',0,0),(5583,2,14,'2022-11-09 21:23:29',0,0),(5584,2,15,'2022-11-09 21:23:29',0,0),(5585,2,16,'2022-11-09 21:23:29',0,0),(5586,2,17,'2022-11-09 21:23:29',0,0),(5587,2,1,'2022-11-09 21:24:03',0,0),(5588,2,2,'2022-11-09 21:24:03',0,0),(5589,2,11,'2022-11-09 21:24:03',0,0),(5590,2,12,'2022-11-09 21:24:03',0,0),(5591,2,13,'2022-11-09 21:24:03',0,0),(5592,2,14,'2022-11-09 21:24:03',0,0),(5593,2,15,'2022-11-09 21:24:03',0,0),(5594,2,16,'2022-11-09 21:24:03',0,0),(5595,2,17,'2022-11-09 21:24:03',0,0),(5596,2,1,'2022-11-09 21:26:52',0,0),(5597,2,2,'2022-11-09 21:26:52',0,0),(5598,2,11,'2022-11-09 21:26:52',0,0),(5599,2,12,'2022-11-09 21:26:52',0,0),(5600,2,13,'2022-11-09 21:26:52',0,0),(5601,2,14,'2022-11-09 21:26:52',0,0),(5602,2,15,'2022-11-09 21:26:52',0,0),(5603,2,16,'2022-11-09 21:26:52',0,0),(5604,2,17,'2022-11-09 21:26:52',0,0),(5605,5,6,'2022-11-09 21:27:00',0,0),(5606,5,18,'2022-11-09 21:27:00',0,0),(5607,5,6,'2022-11-09 21:27:34',1,0),(5608,5,18,'2022-11-09 21:27:35',1,0),(5609,2,1,'2022-11-09 21:27:58',1,0),(5610,2,2,'2022-11-09 21:27:58',1,0),(5611,2,11,'2022-11-09 21:27:58',1,0),(5612,2,12,'2022-11-09 21:27:58',1,0),(5613,2,13,'2022-11-09 21:27:58',1,0),(5614,2,14,'2022-11-09 21:27:58',1,0),(5615,2,15,'2022-11-09 21:27:58',1,0),(5616,2,16,'2022-11-09 21:27:58',1,0),(5617,2,17,'2022-11-09 21:27:58',0,0),(5618,2,1,'2022-11-09 22:41:26',1,0),(5619,2,2,'2022-11-09 22:41:26',1,0),(5620,2,11,'2022-11-09 22:41:26',1,0),(5621,2,12,'2022-11-09 22:41:26',1,0),(5622,2,13,'2022-11-09 22:41:26',1,0),(5623,2,14,'2022-11-09 22:41:26',1,0),(5624,2,15,'2022-11-09 22:41:26',1,0),(5625,2,16,'2022-11-09 22:41:26',1,0),(5626,2,17,'2022-11-09 22:41:26',0,0),(5627,2,1,'2022-11-09 22:51:10',1,0),(5628,2,2,'2022-11-09 22:51:10',1,0),(5629,2,11,'2022-11-09 22:51:10',1,0),(5630,2,12,'2022-11-09 22:51:10',1,0),(5631,2,13,'2022-11-09 22:51:10',1,0),(5632,2,14,'2022-11-09 22:51:10',1,0),(5633,2,15,'2022-11-09 22:51:10',1,0),(5634,2,16,'2022-11-09 22:51:10',0,0),(5635,2,17,'2022-11-09 22:51:10',0,0),(5636,2,1,'2022-11-09 22:57:30',1,0),(5637,2,2,'2022-11-09 22:57:30',1,0),(5638,2,11,'2022-11-09 22:57:30',1,0),(5639,2,12,'2022-11-09 22:57:30',1,0),(5640,2,13,'2022-11-09 22:57:30',1,0),(5641,2,14,'2022-11-09 22:57:30',1,0),(5642,2,15,'2022-11-09 22:57:30',1,0),(5643,2,16,'2022-11-09 22:57:30',0,0),(5644,2,17,'2022-11-09 22:57:30',0,0),(5645,2,1,'2022-11-09 22:58:01',1,0),(5646,2,2,'2022-11-09 22:58:01',1,0),(5647,2,11,'2022-11-09 22:58:01',1,0),(5648,2,12,'2022-11-09 22:58:01',1,0),(5649,2,13,'2022-11-09 22:58:01',1,0),(5650,2,14,'2022-11-09 22:58:01',1,0),(5651,2,15,'2022-11-09 22:58:01',1,0),(5652,2,16,'2022-11-09 22:58:01',1,0),(5653,2,17,'2022-11-09 22:58:01',0,0),(5654,2,1,'2022-11-09 23:03:13',1,0),(5655,2,2,'2022-11-09 23:03:13',1,0),(5656,2,11,'2022-11-09 23:03:13',1,0),(5657,2,12,'2022-11-09 23:03:13',1,0),(5658,2,13,'2022-11-09 23:03:13',1,0),(5659,2,14,'2022-11-09 23:03:13',1,0),(5660,2,15,'2022-11-09 23:03:13',1,0),(5661,2,16,'2022-11-09 23:03:13',0,0),(5662,2,17,'2022-11-09 23:03:13',0,0),(5663,2,1,'2022-11-09 23:05:18',1,0),(5664,2,2,'2022-11-09 23:05:18',1,0),(5665,2,11,'2022-11-09 23:05:18',1,0),(5666,2,12,'2022-11-09 23:05:18',1,0),(5667,2,13,'2022-11-09 23:05:18',1,0),(5668,2,14,'2022-11-09 23:05:18',1,0),(5669,2,15,'2022-11-09 23:05:18',1,0),(5670,2,16,'2022-11-09 23:05:18',1,0),(5671,2,17,'2022-11-09 23:05:18',1,0),(5672,2,1,'2022-11-09 23:05:23',1,0),(5673,2,2,'2022-11-09 23:05:23',1,0),(5674,2,11,'2022-11-09 23:05:23',1,0),(5675,2,12,'2022-11-09 23:05:23',1,0),(5676,2,13,'2022-11-09 23:05:23',1,0),(5677,2,14,'2022-11-09 23:05:23',1,0),(5678,2,15,'2022-11-09 23:05:23',1,0),(5679,2,16,'2022-11-09 23:05:23',1,0),(5680,2,17,'2022-11-09 23:05:23',1,0),(5681,2,1,'2022-11-09 23:06:16',1,0),(5682,2,2,'2022-11-09 23:06:16',1,0),(5683,2,11,'2022-11-09 23:06:16',1,0),(5684,2,12,'2022-11-09 23:06:16',1,0),(5685,2,13,'2022-11-09 23:06:16',1,0),(5686,2,14,'2022-11-09 23:06:16',1,0),(5687,2,15,'2022-11-09 23:06:16',1,0),(5688,2,16,'2022-11-09 23:06:16',1,0),(5689,2,17,'2022-11-09 23:06:16',1,0),(5690,2,1,'2022-11-09 23:09:11',1,0),(5691,2,2,'2022-11-09 23:09:11',1,0),(5692,2,11,'2022-11-09 23:09:11',1,0),(5693,2,12,'2022-11-09 23:09:11',1,0),(5694,2,13,'2022-11-09 23:09:11',1,0),(5695,2,14,'2022-11-09 23:09:11',1,0),(5696,2,15,'2022-11-09 23:09:11',1,0),(5697,2,16,'2022-11-09 23:09:11',1,0),(5698,2,17,'2022-11-09 23:09:11',1,0),(5699,2,1,'2022-11-09 23:12:04',1,0),(5700,2,2,'2022-11-09 23:12:04',1,0),(5701,2,11,'2022-11-09 23:12:04',1,0),(5702,2,12,'2022-11-09 23:12:04',1,0),(5703,2,13,'2022-11-09 23:12:04',1,0),(5704,2,14,'2022-11-09 23:12:04',1,0),(5705,2,15,'2022-11-09 23:12:04',1,0),(5706,2,16,'2022-11-09 23:12:04',1,0),(5707,2,17,'2022-11-09 23:12:04',1,0),(5708,2,1,'2022-11-09 23:14:31',1,0),(5709,2,2,'2022-11-09 23:14:31',1,0),(5710,2,11,'2022-11-09 23:14:31',1,0),(5711,2,12,'2022-11-09 23:14:31',1,0),(5712,2,13,'2022-11-09 23:14:31',1,0),(5713,2,14,'2022-11-09 23:14:31',1,0),(5714,2,15,'2022-11-09 23:14:31',1,0),(5715,2,16,'2022-11-09 23:14:31',1,0),(5716,2,17,'2022-11-09 23:14:31',1,0),(5717,2,1,'2022-11-09 23:14:57',0,0),(5718,2,2,'2022-11-09 23:14:57',0,0),(5719,2,11,'2022-11-09 23:14:57',0,0),(5720,2,12,'2022-11-09 23:14:57',0,0),(5721,2,13,'2022-11-09 23:14:57',0,0),(5722,2,14,'2022-11-09 23:14:57',0,0),(5723,2,15,'2022-11-09 23:14:57',0,0),(5724,2,16,'2022-11-09 23:14:57',0,0),(5725,2,17,'2022-11-09 23:14:57',0,0),(5726,2,1,'2022-11-09 23:17:11',1,0),(5727,2,2,'2022-11-09 23:17:11',1,0),(5728,2,11,'2022-11-09 23:17:11',1,0),(5729,2,12,'2022-11-09 23:17:11',1,0),(5730,2,13,'2022-11-09 23:17:11',1,0),(5731,2,14,'2022-11-09 23:17:11',1,0),(5732,2,15,'2022-11-09 23:17:11',1,0),(5733,2,16,'2022-11-09 23:17:11',1,0),(5734,2,17,'2022-11-09 23:17:11',1,0),(5735,2,1,'2022-11-09 23:17:54',0,0),(5736,2,2,'2022-11-09 23:17:54',0,0),(5737,2,11,'2022-11-09 23:17:54',0,0),(5738,2,12,'2022-11-09 23:17:54',0,0),(5739,2,13,'2022-11-09 23:17:54',0,0),(5740,2,14,'2022-11-09 23:17:54',0,0),(5741,2,15,'2022-11-09 23:17:54',0,0),(5742,2,16,'2022-11-09 23:17:54',0,0),(5743,2,17,'2022-11-09 23:17:54',0,0),(5744,2,1,'2022-11-09 23:18:23',1,0),(5745,2,2,'2022-11-09 23:18:23',1,0),(5746,2,11,'2022-11-09 23:18:23',1,0),(5747,2,12,'2022-11-09 23:18:23',1,0),(5748,2,13,'2022-11-09 23:18:23',1,0),(5749,2,14,'2022-11-09 23:18:23',1,0),(5750,2,15,'2022-11-09 23:18:23',1,0),(5751,2,16,'2022-11-09 23:18:23',0,0),(5752,2,17,'2022-11-09 23:18:23',0,0),(5753,2,1,'2022-11-09 23:19:00',1,0),(5754,2,2,'2022-11-09 23:19:00',1,0),(5755,2,11,'2022-11-09 23:19:00',1,0),(5756,2,12,'2022-11-09 23:19:00',1,0),(5757,2,13,'2022-11-09 23:19:00',1,0),(5758,2,14,'2022-11-09 23:19:00',1,0),(5759,2,15,'2022-11-09 23:19:00',1,0),(5760,2,16,'2022-11-09 23:19:00',0,0),(5761,2,17,'2022-11-09 23:19:00',0,0),(5762,2,1,'2022-11-09 23:19:24',0,0),(5763,2,2,'2022-11-09 23:19:24',0,0),(5764,2,11,'2022-11-09 23:19:24',0,0),(5765,2,12,'2022-11-09 23:19:24',0,0),(5766,2,13,'2022-11-09 23:19:24',0,0),(5767,2,14,'2022-11-09 23:19:24',0,0),(5768,2,15,'2022-11-09 23:19:24',0,0),(5769,2,16,'2022-11-09 23:19:24',0,0),(5770,2,17,'2022-11-09 23:19:24',0,0),(5771,2,1,'2022-11-09 23:33:39',0,0),(5772,2,2,'2022-11-09 23:33:39',0,0),(5773,2,11,'2022-11-09 23:33:39',0,0),(5774,2,12,'2022-11-09 23:33:39',0,0),(5775,2,13,'2022-11-09 23:33:39',0,0),(5776,2,14,'2022-11-09 23:33:39',0,0),(5777,2,15,'2022-11-09 23:33:39',0,0),(5778,2,16,'2022-11-09 23:33:39',0,0),(5779,2,17,'2022-11-09 23:33:39',0,0),(5780,2,1,'2022-11-09 23:39:58',1,0),(5781,2,2,'2022-11-09 23:39:58',0,0),(5782,2,11,'2022-11-09 23:39:58',0,0),(5783,2,12,'2022-11-09 23:39:58',0,0),(5784,2,13,'2022-11-09 23:39:58',0,0),(5785,2,14,'2022-11-09 23:39:58',0,0),(5786,2,15,'2022-11-09 23:39:58',0,0),(5787,2,16,'2022-11-09 23:39:58',0,0),(5788,2,17,'2022-11-09 23:39:58',0,0),(5789,2,1,'2022-11-09 23:40:34',1,0),(5790,2,2,'2022-11-09 23:40:34',0,0),(5791,2,11,'2022-11-09 23:40:34',0,0),(5792,2,12,'2022-11-09 23:40:34',0,0),(5793,2,13,'2022-11-09 23:40:34',0,0),(5794,2,14,'2022-11-09 23:40:34',0,0),(5795,2,15,'2022-11-09 23:40:34',0,0),(5796,2,16,'2022-11-09 23:40:34',0,0),(5797,2,17,'2022-11-09 23:40:34',0,0),(5798,2,1,'2022-11-09 23:40:38',1,0),(5799,2,2,'2022-11-09 23:40:38',0,0),(5800,2,11,'2022-11-09 23:40:38',0,0),(5801,2,12,'2022-11-09 23:40:38',0,0),(5802,2,13,'2022-11-09 23:40:38',0,0),(5803,2,14,'2022-11-09 23:40:38',0,0),(5804,2,15,'2022-11-09 23:40:38',0,0),(5805,2,16,'2022-11-09 23:40:38',0,0),(5806,2,17,'2022-11-09 23:40:38',0,0),(5807,2,1,'2022-11-09 23:41:14',1,0),(5808,2,2,'2022-11-09 23:41:14',0,0),(5809,2,11,'2022-11-09 23:41:14',0,0),(5810,2,12,'2022-11-09 23:41:14',0,0),(5811,2,13,'2022-11-09 23:41:14',0,0),(5812,2,14,'2022-11-09 23:41:14',0,0),(5813,2,15,'2022-11-09 23:41:14',0,0),(5814,2,16,'2022-11-09 23:41:14',0,0),(5815,2,17,'2022-11-09 23:41:14',0,0),(5816,2,1,'2022-11-09 23:44:20',0,0),(5817,2,2,'2022-11-09 23:44:20',0,0),(5818,2,11,'2022-11-09 23:44:20',0,0),(5819,2,12,'2022-11-09 23:44:20',0,0),(5820,2,13,'2022-11-09 23:44:20',0,0),(5821,2,14,'2022-11-09 23:44:20',0,0),(5822,2,15,'2022-11-09 23:44:20',0,0),(5823,2,16,'2022-11-09 23:44:20',0,0),(5824,2,17,'2022-11-09 23:44:20',0,0),(5825,2,1,'2022-11-09 23:45:55',0,0),(5826,2,2,'2022-11-09 23:45:55',0,0),(5827,2,11,'2022-11-09 23:45:55',0,0),(5828,2,12,'2022-11-09 23:45:55',0,0),(5829,2,13,'2022-11-09 23:45:55',0,0),(5830,2,14,'2022-11-09 23:45:55',0,0),(5831,2,15,'2022-11-09 23:45:55',0,0),(5832,2,16,'2022-11-09 23:45:55',0,0),(5833,2,17,'2022-11-09 23:45:55',0,0),(5834,2,1,'2022-11-09 23:59:10',0,0),(5835,2,2,'2022-11-09 23:59:10',0,0),(5836,2,11,'2022-11-09 23:59:10',0,0),(5837,2,12,'2022-11-09 23:59:10',0,0),(5838,2,13,'2022-11-09 23:59:10',0,0),(5839,2,14,'2022-11-09 23:59:10',0,0),(5840,2,15,'2022-11-09 23:59:10',0,0),(5841,2,16,'2022-11-09 23:59:10',0,0),(5842,2,17,'2022-11-09 23:59:10',0,0),(5843,2,1,'2022-11-10 00:01:29',1,0),(5844,2,2,'2022-11-10 00:01:29',1,0),(5845,2,11,'2022-11-10 00:01:29',1,0),(5846,2,12,'2022-11-10 00:01:29',1,0),(5847,2,13,'2022-11-10 00:01:29',1,0),(5848,2,14,'2022-11-10 00:01:29',1,0),(5849,2,15,'2022-11-10 00:01:29',1,0),(5850,2,16,'2022-11-10 00:01:29',1,0),(5851,2,17,'2022-11-10 00:01:29',1,0),(5852,2,1,'2022-11-10 00:02:30',1,0),(5853,2,2,'2022-11-10 00:02:30',1,0),(5854,2,11,'2022-11-10 00:02:30',1,0),(5855,2,12,'2022-11-10 00:02:30',1,0),(5856,2,13,'2022-11-10 00:02:30',1,0),(5857,2,14,'2022-11-10 00:02:30',1,0),(5858,2,15,'2022-11-10 00:02:30',1,0),(5859,2,16,'2022-11-10 00:02:30',1,0),(5860,2,17,'2022-11-10 00:02:30',1,0),(5861,2,1,'2022-11-10 00:02:58',1,0),(5862,2,2,'2022-11-10 00:02:58',0,0),(5863,2,11,'2022-11-10 00:02:58',1,0),(5864,2,12,'2022-11-10 00:02:58',0,0),(5865,2,13,'2022-11-10 00:02:58',1,0),(5866,2,14,'2022-11-10 00:02:58',0,0),(5867,2,15,'2022-11-10 00:02:58',0,0),(5868,2,16,'2022-11-10 00:02:58',0,0),(5869,2,17,'2022-11-10 00:02:58',0,0),(5870,2,1,'2022-11-10 00:06:15',1,0),(5871,2,2,'2022-11-10 00:06:15',0,0),(5872,2,11,'2022-11-10 00:06:15',1,0),(5873,2,12,'2022-11-10 00:06:15',0,0),(5874,2,13,'2022-11-10 00:06:15',1,0),(5875,2,14,'2022-11-10 00:06:15',0,0),(5876,2,15,'2022-11-10 00:06:15',0,0),(5877,2,16,'2022-11-10 00:06:15',0,0),(5878,2,17,'2022-11-10 00:06:15',0,0),(5879,2,1,'2022-11-10 00:06:22',1,0),(5880,2,2,'2022-11-10 00:06:22',0,0),(5881,2,11,'2022-11-10 00:06:22',1,0),(5882,2,12,'2022-11-10 00:06:22',0,0),(5883,2,13,'2022-11-10 00:06:22',1,0),(5884,2,14,'2022-11-10 00:06:22',0,0),(5885,2,15,'2022-11-10 00:06:22',0,0),(5886,2,16,'2022-11-10 00:06:22',0,0),(5887,2,17,'2022-11-10 00:06:22',0,0),(5888,2,1,'2022-11-10 00:06:32',1,0),(5889,2,2,'2022-11-10 00:06:32',0,0),(5890,2,11,'2022-11-10 00:06:32',1,0),(5891,2,12,'2022-11-10 00:06:32',0,0),(5892,2,13,'2022-11-10 00:06:32',1,0),(5893,2,14,'2022-11-10 00:06:32',0,0),(5894,2,15,'2022-11-10 00:06:32',1,0),(5895,2,16,'2022-11-10 00:06:32',0,0),(5896,2,17,'2022-11-10 00:06:32',1,0),(5897,2,1,'2022-11-10 00:07:54',1,0),(5898,2,2,'2022-11-10 00:07:54',0,0),(5899,2,11,'2022-11-10 00:07:54',1,0),(5900,2,12,'2022-11-10 00:07:54',0,0),(5901,2,13,'2022-11-10 00:07:54',1,0),(5902,2,14,'2022-11-10 00:07:54',0,0),(5903,2,15,'2022-11-10 00:07:54',0,0),(5904,2,16,'2022-11-10 00:07:54',0,0),(5905,2,17,'2022-11-10 00:07:54',0,0),(5906,2,1,'2022-11-10 00:11:50',1,0),(5907,2,2,'2022-11-10 00:11:50',0,0),(5908,2,11,'2022-11-10 00:11:50',1,0),(5909,2,12,'2022-11-10 00:11:50',0,0),(5910,2,13,'2022-11-10 00:11:50',0,0),(5911,2,14,'2022-11-10 00:11:50',0,0),(5912,2,15,'2022-11-10 00:11:50',0,0),(5913,2,16,'2022-11-10 00:11:50',0,0),(5914,2,17,'2022-11-10 00:11:50',0,0),(5915,2,1,'2022-11-10 00:13:23',1,0),(5916,2,2,'2022-11-10 00:13:23',0,0),(5917,2,11,'2022-11-10 00:13:23',1,0),(5918,2,12,'2022-11-10 00:13:23',0,0),(5919,2,13,'2022-11-10 00:13:23',0,0),(5920,2,14,'2022-11-10 00:13:23',0,0),(5921,2,15,'2022-11-10 00:13:23',0,0),(5922,2,16,'2022-11-10 00:13:23',0,0),(5923,2,17,'2022-11-10 00:13:23',0,0),(5924,2,1,'2022-11-10 00:14:41',1,0),(5925,2,2,'2022-11-10 00:14:41',0,0),(5926,2,11,'2022-11-10 00:14:41',1,0),(5927,2,12,'2022-11-10 00:14:41',0,0),(5928,2,13,'2022-11-10 00:14:41',0,0),(5929,2,14,'2022-11-10 00:14:41',0,0),(5930,2,15,'2022-11-10 00:14:41',0,0),(5931,2,16,'2022-11-10 00:14:41',0,0),(5932,2,17,'2022-11-10 00:14:41',0,0),(5933,2,1,'2022-11-10 00:14:58',1,0),(5934,2,2,'2022-11-10 00:14:58',0,0),(5935,2,11,'2022-11-10 00:14:58',1,0),(5936,2,12,'2022-11-10 00:14:58',0,0),(5937,2,13,'2022-11-10 00:14:58',0,0),(5938,2,14,'2022-11-10 00:14:58',0,0),(5939,2,15,'2022-11-10 00:14:58',0,0),(5940,2,16,'2022-11-10 00:14:58',0,0),(5941,2,17,'2022-11-10 00:14:58',0,0),(5942,2,1,'2022-11-10 00:26:10',1,0),(5943,2,2,'2022-11-10 00:26:10',0,0),(5944,2,11,'2022-11-10 00:26:10',0,0),(5945,2,12,'2022-11-10 00:26:10',0,0),(5946,2,13,'2022-11-10 00:26:10',0,0),(5947,2,14,'2022-11-10 00:26:10',0,0),(5948,2,15,'2022-11-10 00:26:10',0,0),(5949,2,16,'2022-11-10 00:26:10',0,0),(5950,2,17,'2022-11-10 00:26:10',0,0),(5951,2,1,'2022-11-10 00:26:36',1,0),(5952,2,2,'2022-11-10 00:26:36',1,0),(5953,2,11,'2022-11-10 00:26:36',1,0),(5954,2,12,'2022-11-10 00:26:36',1,0),(5955,2,13,'2022-11-10 00:26:36',1,0),(5956,2,14,'2022-11-10 00:26:36',1,0),(5957,2,15,'2022-11-10 00:26:36',1,0),(5958,2,16,'2022-11-10 00:26:36',1,0),(5959,2,17,'2022-11-10 00:26:36',1,0),(5960,2,1,'2022-11-10 00:27:58',1,0),(5961,2,2,'2022-11-10 00:27:58',1,0),(5962,2,11,'2022-11-10 00:27:58',1,0),(5963,2,12,'2022-11-10 00:27:58',1,0),(5964,2,13,'2022-11-10 00:27:58',1,0),(5965,2,14,'2022-11-10 00:27:58',1,0),(5966,2,15,'2022-11-10 00:27:58',1,0),(5967,2,16,'2022-11-10 00:27:58',1,0),(5968,2,17,'2022-11-10 00:27:58',1,0),(5969,2,1,'2022-11-10 00:28:17',1,0),(5970,2,2,'2022-11-10 00:28:17',1,0),(5971,2,11,'2022-11-10 00:28:17',1,0),(5972,2,12,'2022-11-10 00:28:17',1,0),(5973,2,13,'2022-11-10 00:28:17',1,0),(5974,2,14,'2022-11-10 00:28:17',1,0),(5975,2,15,'2022-11-10 00:28:17',1,0),(5976,2,16,'2022-11-10 00:28:17',1,0),(5977,2,17,'2022-11-10 00:28:17',1,0),(5978,2,1,'2022-11-10 00:28:21',1,0),(5979,2,2,'2022-11-10 00:28:21',1,0),(5980,2,11,'2022-11-10 00:28:21',1,0),(5981,2,12,'2022-11-10 00:28:21',1,0),(5982,2,13,'2022-11-10 00:28:21',1,0),(5983,2,14,'2022-11-10 00:28:21',1,0),(5984,2,15,'2022-11-10 00:28:21',1,0),(5985,2,16,'2022-11-10 00:28:21',1,0),(5986,2,17,'2022-11-10 00:28:21',1,0),(5987,2,1,'2022-11-10 00:29:18',0,0),(5988,2,2,'2022-11-10 00:29:18',0,0),(5989,2,11,'2022-11-10 00:29:18',0,0),(5990,2,12,'2022-11-10 00:29:18',0,0),(5991,2,13,'2022-11-10 00:29:18',0,0),(5992,2,14,'2022-11-10 00:29:18',0,0),(5993,2,15,'2022-11-10 00:29:18',0,0),(5994,2,16,'2022-11-10 00:29:18',0,0),(5995,2,17,'2022-11-10 00:29:18',0,0),(5996,2,1,'2022-11-10 00:30:26',0,0),(5997,2,2,'2022-11-10 00:30:26',0,0),(5998,2,11,'2022-11-10 00:30:26',0,0),(5999,2,12,'2022-11-10 00:30:26',0,0),(6000,2,13,'2022-11-10 00:30:26',0,0),(6001,2,14,'2022-11-10 00:30:26',0,0),(6002,2,15,'2022-11-10 00:30:26',0,0),(6003,2,16,'2022-11-10 00:30:26',0,0),(6004,2,17,'2022-11-10 00:30:26',0,0),(6005,2,1,'2022-11-10 00:31:48',0,0),(6006,2,2,'2022-11-10 00:31:48',0,0),(6007,2,11,'2022-11-10 00:31:48',0,0),(6008,2,12,'2022-11-10 00:31:48',0,0),(6009,2,13,'2022-11-10 00:31:48',0,0),(6010,2,14,'2022-11-10 00:31:48',0,0),(6011,2,15,'2022-11-10 00:31:48',0,0),(6012,2,16,'2022-11-10 00:31:48',0,0),(6013,2,17,'2022-11-10 00:31:48',0,0),(6014,2,1,'2022-11-10 00:32:40',0,0),(6015,2,2,'2022-11-10 00:32:40',0,0),(6016,2,11,'2022-11-10 00:32:40',0,0),(6017,2,12,'2022-11-10 00:32:40',0,0),(6018,2,13,'2022-11-10 00:32:40',0,0),(6019,2,14,'2022-11-10 00:32:40',0,0),(6020,2,15,'2022-11-10 00:32:40',0,0),(6021,2,16,'2022-11-10 00:32:40',0,0),(6022,2,17,'2022-11-10 00:32:40',0,0),(6023,2,1,'2022-11-10 00:34:04',0,0),(6024,2,2,'2022-11-10 00:34:04',0,0),(6025,2,11,'2022-11-10 00:34:04',0,0),(6026,2,12,'2022-11-10 00:34:04',0,0),(6027,2,13,'2022-11-10 00:34:04',0,0),(6028,2,14,'2022-11-10 00:34:04',0,0),(6029,2,15,'2022-11-10 00:34:04',0,0),(6030,2,16,'2022-11-10 00:34:04',0,0),(6031,2,17,'2022-11-10 00:34:04',0,0),(6032,2,1,'2022-11-10 00:34:53',0,0),(6033,2,2,'2022-11-10 00:34:53',0,0),(6034,2,11,'2022-11-10 00:34:53',0,0),(6035,2,12,'2022-11-10 00:34:53',0,0),(6036,2,13,'2022-11-10 00:34:53',0,0),(6037,2,14,'2022-11-10 00:34:53',0,0),(6038,2,15,'2022-11-10 00:34:53',0,0),(6039,2,16,'2022-11-10 00:34:53',0,0),(6040,2,17,'2022-11-10 00:34:53',0,0),(6041,2,1,'2022-11-10 00:36:05',0,0),(6042,2,2,'2022-11-10 00:36:05',0,0),(6043,2,11,'2022-11-10 00:36:05',0,0),(6044,2,12,'2022-11-10 00:36:05',0,0),(6045,2,13,'2022-11-10 00:36:05',0,0),(6046,2,14,'2022-11-10 00:36:05',0,0),(6047,2,15,'2022-11-10 00:36:05',0,0),(6048,2,16,'2022-11-10 00:36:05',0,0),(6049,2,17,'2022-11-10 00:36:05',0,0),(6050,2,1,'2022-11-10 00:37:39',0,0),(6051,2,2,'2022-11-10 00:37:39',0,0),(6052,2,11,'2022-11-10 00:37:39',0,0),(6053,2,12,'2022-11-10 00:37:39',0,0),(6054,2,13,'2022-11-10 00:37:39',0,0),(6055,2,14,'2022-11-10 00:37:39',0,0),(6056,2,15,'2022-11-10 00:37:39',0,0),(6057,2,16,'2022-11-10 00:37:39',0,0),(6058,2,17,'2022-11-10 00:37:39',0,0),(6059,2,1,'2022-11-10 00:38:47',0,0),(6060,2,2,'2022-11-10 00:38:47',0,0),(6061,2,11,'2022-11-10 00:38:47',0,0),(6062,2,12,'2022-11-10 00:38:47',0,0),(6063,2,13,'2022-11-10 00:38:47',0,0),(6064,2,14,'2022-11-10 00:38:47',0,0),(6065,2,15,'2022-11-10 00:38:47',0,0),(6066,2,16,'2022-11-10 00:38:47',0,0),(6067,2,17,'2022-11-10 00:38:47',0,0),(6068,2,1,'2022-11-10 00:40:46',1,0),(6069,2,2,'2022-11-10 00:40:46',0,0),(6070,2,11,'2022-11-10 00:40:46',1,0),(6071,2,12,'2022-11-10 00:40:46',0,0),(6072,2,13,'2022-11-10 00:40:46',1,0),(6073,2,14,'2022-11-10 00:40:46',0,0),(6074,2,15,'2022-11-10 00:40:46',1,0),(6075,2,16,'2022-11-10 00:40:46',0,0),(6076,2,17,'2022-11-10 00:40:46',0,0),(6077,2,1,'2022-11-10 00:45:04',0,0),(6078,2,2,'2022-11-10 00:45:04',0,0),(6079,2,11,'2022-11-10 00:45:04',0,0),(6080,2,12,'2022-11-10 00:45:04',0,0),(6081,2,13,'2022-11-10 00:45:04',0,0),(6082,2,14,'2022-11-10 00:45:04',0,0),(6083,2,15,'2022-11-10 00:45:04',0,0),(6084,2,16,'2022-11-10 00:45:05',0,0),(6085,2,17,'2022-11-10 00:45:05',0,0),(6086,2,1,'2022-11-10 00:46:35',1,0),(6087,2,2,'2022-11-10 00:46:35',0,0),(6088,2,11,'2022-11-10 00:46:35',1,0),(6089,2,12,'2022-11-10 00:46:35',0,0),(6090,2,13,'2022-11-10 00:46:35',1,0),(6091,2,14,'2022-11-10 00:46:35',0,0),(6092,2,15,'2022-11-10 00:46:35',1,0),(6093,2,16,'2022-11-10 00:46:35',0,0),(6094,2,17,'2022-11-10 00:46:35',1,0),(6095,2,1,'2022-11-10 00:47:37',1,0),(6096,2,2,'2022-11-10 00:47:37',1,0),(6097,2,11,'2022-11-10 00:47:37',1,0),(6098,2,12,'2022-11-10 00:47:37',1,0),(6099,2,13,'2022-11-10 00:47:37',1,0),(6100,2,14,'2022-11-10 00:47:37',1,0),(6101,2,15,'2022-11-10 00:47:37',1,0),(6102,2,16,'2022-11-10 00:47:37',1,0),(6103,2,17,'2022-11-10 00:47:37',1,0),(6104,2,1,'2022-11-10 00:48:08',1,0),(6105,2,2,'2022-11-10 00:48:08',1,0),(6106,2,11,'2022-11-10 00:48:08',1,0),(6107,2,12,'2022-11-10 00:48:08',1,0),(6108,2,13,'2022-11-10 00:48:08',1,0),(6109,2,14,'2022-11-10 00:48:08',1,0),(6110,2,15,'2022-11-10 00:48:08',1,0),(6111,2,16,'2022-11-10 00:48:08',1,0),(6112,2,17,'2022-11-10 00:48:08',1,0),(6113,2,1,'2022-11-10 00:48:31',0,0),(6114,2,2,'2022-11-10 00:48:31',1,0),(6115,2,11,'2022-11-10 00:48:31',0,0),(6116,2,12,'2022-11-10 00:48:31',1,0),(6117,2,13,'2022-11-10 00:48:31',0,0),(6118,2,14,'2022-11-10 00:48:31',1,0),(6119,2,15,'2022-11-10 00:48:31',0,0),(6120,2,16,'2022-11-10 00:48:31',1,0),(6121,2,17,'2022-11-10 00:48:31',0,0);

/*Table structure for table `faculty_register` */

DROP TABLE IF EXISTS `faculty_register`;

CREATE TABLE `faculty_register` (
  `id` int(255) unsigned NOT NULL AUTO_INCREMENT,
  `name` varchar(20) NOT NULL,
  `phonenumber` varchar(10) NOT NULL,
  `age` varchar(3) NOT NULL,
  `email` varchar(30) NOT NULL,
  `address` varchar(40) NOT NULL,
  `password` varchar(15) NOT NULL,
  UNIQUE KEY `id` (`id`)
) ENGINE=InnoDB AUTO_INCREMENT=8 DEFAULT CHARSET=utf8mb4;

/*Data for the table `faculty_register` */

insert  into `faculty_register`(`id`,`name`,`phonenumber`,`age`,`email`,`address`,`password`) values (2,'pratham ','1234567890','30','karan@gmail.com','uyiu   ','pratham '),(3,'pritham ','7338357925','20 ','ghjghg@nh','uyiu ','pritham'),(4,'Shreya','7338357925','40 ','karan@gmail.com','kunjathbail    ','shreya'),(5,'sudeep ','7338357925','26 ','karan@gmail.com','mac ','sudeep'),(6,'sushil','7338357925','26','karan@gmail.com','karkala','sushil'),(7,'karthik','7338357926','18','karan@gmail.com','kunjathbail','karthik');

/*Table structure for table `manage_mapping` */

DROP TABLE IF EXISTS `manage_mapping`;

CREATE TABLE `manage_mapping` (
  `id` int(255) unsigned NOT NULL AUTO_INCREMENT,
  `Faculty_Id` int(255) NOT NULL,
  `Subject_Id` int(255) NOT NULL,
  `isenabled` int(255) NOT NULL DEFAULT 1,
  UNIQUE KEY `id` (`id`)
) ENGINE=InnoDB AUTO_INCREMENT=18 DEFAULT CHARSET=utf8mb4;

/*Data for the table `manage_mapping` */

insert  into `manage_mapping`(`id`,`Faculty_Id`,`Subject_Id`,`isenabled`) values (1,2,1,1),(2,3,3,1),(3,2,4,1),(4,7,5,1),(5,7,2,1),(6,7,3,1),(7,7,5,1),(8,7,1,1),(9,4,3,1),(10,7,1,1),(11,3,3,1),(12,2,4,1),(13,4,2,1),(14,4,4,1),(15,7,7,1),(16,6,5,1),(17,6,3,1);

/*Table structure for table `subject_management` */

DROP TABLE IF EXISTS `subject_management`;

CREATE TABLE `subject_management` (
  `subId` int(255) unsigned NOT NULL AUTO_INCREMENT,
  `subName` varchar(100) DEFAULT NULL,
  `subCode` varchar(100) DEFAULT NULL,
  `subSemester` varchar(100) DEFAULT NULL,
  `subDescription` longtext DEFAULT NULL,
  UNIQUE KEY `subId` (`subId`)
) ENGINE=InnoDB AUTO_INCREMENT=8 DEFAULT CHARSET=utf8mb4;

/*Data for the table `subject_management` */

insert  into `subject_management`(`subId`,`subName`,`subCode`,`subSemester`,`subDescription`) values (1,' Kannada        ','13cs1214             ','1 Semester','=\"=\"=\"=\"=\"=\"=\"=\"=\"=\"=\"=\"=\"=\"=\"Kannada (/ˈkɑːnədə, ˈkæn-/;[5][6] ಕನ್ನಡ, [ˈkɐnːɐɖa]) is a classical Dravidian language spoken predominantly by the people of Karnataka in the southwestern region of India. The language is also spoken by linguistic minorities in the states of Maharashtra, Andhra Pradesh, Tamil Nadu, Telangana, Kerala and Goa and also by Kannadigas abroad. The language had roughly 43 million native speakers by 2011.[7] Kannada is also spoken as a second and third language by over 12.9 million non-native speakers in Karnataka, which adds up to 56.9 million speakers.[8] Kannada was the court language of some of the most powerful dynasties of south and central India, namely the Kadambas, Chalukyas, Rashtrakutas, Yadava Dynasty or Seunas, Western Ganga dynasty, Wodeyars of Mysore, Nayakas of Keladi[9] Hoysalas and the Vijayanagara empire. It is one of the scheduled languages of India and the official and administrative language of the state of Karnataka.[10] \" \" \" \" \" \" \" \" \" \" \" \" \" \" \"'),(2,'Computer Science     ','13CS32T     ','2 Semester','=\"=\"=\"=\"=\"Computer science is the study of computation, automation, and information.[1] Computer science spans theoretical disciplines (such as algorithms, theory of computation, information theory, and automation) to practical disciplines (including the design and implementation of hardware and software).[2][3][4] Computer science is generally considered an area of academic research and distinct from computer programming.[5 \" \" \" \" \"'),(3,'English ','13CS32T ','3 Semester','=\"English is a West Germanic language of the Indo-European language family, with its earliest forms spoken by the inhabitants of early medieval England.[3][4][5] It is named after the Angles, one of the ancient Germanic peoples that migrated to the island of Great Britain. English is genealogically West Germanic, closest related to the Low Saxon and Frisian languages; however, its vocabulary is also distinctively influenced by dialects of French (about 29% of modern English words) and Latin (also about 29%), plus some grammar and a small amount of core vocabulary influenced by Old Norse (a North Germanic language).[6][7][8] Speakers of English are called Anglophones.\r\n\r\n \"'),(4,'biology  ','13CS34T  ','4 Semester','=\"=\"Biology is the scientific study of life. It is a natural science with a broad scope but has several unifying themes that tie it together as a single, coherent field. For instance, all organisms are made up of cells that process hereditary information encoded in genes, which can be transmitted to future generations.\r\n \" \"'),(5,'Computer Organization   ','13CS90T    ','5 Semester','=\"=\"=\"=\"Computer Organization and Architecture Tutorial provides in-depth knowledge of internal working, structuring, and implementation of a computer system.\r\n\r\nWhereas, Organization defines the way the system is structured so that all those catalogued tools can be used properly.\r\n\r\nOur Computer Organization and Architecture Tutorial includes all topics of such as introduction, ER model, keys, relational model, join operation, SQL, functional dependency, transaction, concurrency control, etc. \" \" \" \"'),(6,'software testing','13cs8967','6 Semester','Software testing is the process of evaluating and verifying that a software product or application does what it is supposed to do. The benefits of testing include preventing bugs, reducing development costs and improving performance'),(7,'chemistry','13cs1214','2 Semester','chemistry, the science that deals with the properties, composition, and structure of substances (defined as elements and compounds), the transformations they undergo, and the energy that is released or absorbed during these processes.');

/*!40101 SET SQL_MODE=@OLD_SQL_MODE */;
/*!40014 SET FOREIGN_KEY_CHECKS=@OLD_FOREIGN_KEY_CHECKS */;
